<?xml version="1.0" encoding="utf-8"?>
<modification>
  <code>BASECART003</code>
  <name>Basecart Theme</name>
  <version>1.3</version>
  <author>themefiber</author>
  <link>http://themefiber.com/</link>
  <file path="catalog/controller/common/header.php">
    <operation>
      <search><![CDATA[
		$data['name'] = $this->config->get('config_name');
      ]]></search>
      <add position="after"><![CDATA[
		$data['theme'] = $this->config->get('basecart_theme');
		$data['nav'] = $this->config->get('basecart_nav');
      ]]></add>
    </operation>
  </file>
  <file path="catalog/controller/extension/module/banner.php">
    <operation>
      <search><![CDATA[
		$this->document->addStyle('catalog/view/javascript/jquery/swiper/css/swiper.min.css');
      ]]></search>
      <add position="replace" offset="2"><![CDATA[
		$this->document->addStyle('catalog/view/theme/basecart/css/owl.carousel.css');
		$this->document->addScript('catalog/view/theme/basecart/js/owl.carousel.min.js');
      ]]></add>
    </operation>
  </file>
  <file path="catalog/controller/extension/module/carousel.php">
    <operation>
      <search><![CDATA[
		$this->document->addStyle('catalog/view/javascript/jquery/swiper/css/swiper.min.css');
      ]]></search>
      <add position="replace" offset="2"><![CDATA[
		$this->document->addStyle('catalog/view/theme/basecart/css/owl.carousel.css');
		$this->document->addScript('catalog/view/theme/basecart/js/owl.carousel.min.js');
      ]]></add>
    </operation>
  </file>
  <file path="catalog/controller/extension/module/slideshow.php">
    <operation>
      <search><![CDATA[
		$this->document->addStyle('catalog/view/javascript/jquery/swiper/css/swiper.min.css');
      ]]></search>
      <add position="replace" offset="2"><![CDATA[
		$this->document->addStyle('catalog/view/theme/basecart/css/owl.carousel.css');
		$this->document->addScript('catalog/view/theme/basecart/js/owl.carousel.min.js');
      ]]></add>
    </operation>
  </file>
</modification>
